Id,Title,Author,Ratings,Reviews
c66b956c-2c3e-468e-acb5-60f1bc985558,Mahabharata [Bhagavad Gita],Unknown,rO0ABXNyABNqYXZhLnV0aWwuQXJyYXlMaXN0eIHSHZnHYZ0DAAFJAARzaXpleHAAAAAAdwQAAAAAeA==,rO0ABXNyABNqYXZhLnV0aWwuQXJyYXlMaXN0eIHSHZnHYZ0DAAFJAARzaXpleHAAAAACdwQAAAACc3IADmNsYXNzZXMuUmV2aWV39mcg/Wp2zVECAANJAAZyYXRpbmdMAAdjb21tZW50dAASTGphdmEvbGFuZy9TdHJpbmc7TAAEbmFtZXEAfgADeHAAAAAEdAAFR29vZCB0AARlbWluc3EAfgACAAAAAXQAA2JhZHQABGF5bGF4
03b3ec5c-8856-4072-895d-88da892b7625,Epic of Gilgamesh,Unknown,rO0ABXNyABNqYXZhLnV0aWwuQXJyYXlMaXN0eIHSHZnHYZ0DAAFJAARzaXpleHAAAAAAdwQAAAAAeA==,rO0ABXNyABNqYXZhLnV0aWwuQXJyYXlMaXN0eIHSHZnHYZ0DAAFJAARzaXpleHAAAAAAdwQAAAAAeA==
50c81cfe-4ff2-4f15-a573-36a17fcadab0,The Old Testament,Unknown,rO0ABXNyABNqYXZhLnV0aWwuQXJyYXlMaXN0eIHSHZnHYZ0DAAFJAARzaXpleHAAAAAAdwQAAAAAeA==,rO0ABXNyABNqYXZhLnV0aWwuQXJyYXlMaXN0eIHSHZnHYZ0DAAFJAARzaXpleHAAAAABdwQAAAABc3IADmNsYXNzZXMuUmV2aWV39mcg/Wp2zVECAANJAAZyYXRpbmdMAAdjb21tZW50dAASTGphdmEvbGFuZy9TdHJpbmc7TAAEbmFtZXEAfgADeHAAAAAFdAAHQXdlc29tZXQABGVtaW54
43fa7287-4d35-4ee6-92eb-8f09684d27ef,Illiad,Homer,rO0ABXNyABNqYXZhLnV0aWwuQXJyYXlMaXN0eIHSHZnHYZ0DAAFJAARzaXpleHAAAAAAdwQAAAAAeA==,rO0ABXNyABNqYXZhLnV0aWwuQXJyYXlMaXN0eIHSHZnHYZ0DAAFJAARzaXpleHAAAAAAdwQAAAAAeA==
274cd9ad-39db-417c-b435-152eb281007d,Odyssey,Homer,rO0ABXNyABNqYXZhLnV0aWwuQXJyYXlMaXN0eIHSHZnHYZ0DAAFJAARzaXpleHAAAAAAdwQAAAAAeA==,rO0ABXNyABNqYXZhLnV0aWwuQXJyYXlMaXN0eIHSHZnHYZ0DAAFJAARzaXpleHAAAAACdwQAAAACc3IADmNsYXNzZXMuUmV2aWV39mcg/Wp2zVECAANJAAZyYXRpbmdMAAdjb21tZW50dAASTGphdmEvbGFuZy9TdHJpbmc7TAAEbmFtZXEAfgADeHAAAAADdAAUTm90IGdvb2QgYW5kIG5vdCBiYWR0AARlbWluc3EAfgACAAAABXQABUdvb2QhdAAEYXlsYXg=
0308bd06-76c0-4a0d-98c6-728acfcacad7,Histories,Herodotus,rO0ABXNyABNqYXZhLnV0aWwuQXJyYXlMaXN0eIHSHZnHYZ0DAAFJAARzaXpleHAAAAAAdwQAAAAAeA==,rO0ABXNyABNqYXZhLnV0aWwuQXJyYXlMaXN0eIHSHZnHYZ0DAAFJAARzaXpleHAAAAABdwQAAAABc3IADmNsYXNzZXMuUmV2aWV39mcg/Wp2zVECAANJAAZyYXRpbmdMAAdjb21tZW50dAASTGphdmEvbGFuZy9TdHJpbmc7TAAEbmFtZXEAfgADeHAAAAAAdAAHaGVsa2tpb3QABGVtaW54
0f5a298a-ca07-4e78-96c1-7f147fcce558,[Plays],Sophocles,rO0ABXNyABNqYXZhLnV0aWwuQXJyYXlMaXN0eIHSHZnHYZ0DAAFJAARzaXpleHAAAAAAdwQAAAAAeA==,rO0ABXNyABNqYXZhLnV0aWwuQXJyYXlMaXN0eIHSHZnHYZ0DAAFJAARzaXpleHAAAAAAdwQAAAAAeA==
0d7813b4-54c4-4ccf-9025-f70c5969e830,[Plays],Aeschyles,rO0ABXNyABNqYXZhLnV0aWwuQXJyYXlMaXN0eIHSHZnHYZ0DAAFJAARzaXpleHAAAAAAdwQAAAAAeA==,rO0ABXNyABNqYXZhLnV0aWwuQXJyYXlMaXN0eIHSHZnHYZ0DAAFJAARzaXpleHAAAAAAdwQAAAAAeA==
7a3fdce6-9274-43a2-86c0-96f15525764d,Hippolytus,Euripides,rO0ABXNyABNqYXZhLnV0aWwuQXJyYXlMaXN0eIHSHZnHYZ0DAAFJAARzaXpleHAAAAAAdwQAAAAAeA==,rO0ABXNyABNqYXZhLnV0aWwuQXJyYXlMaXN0eIHSHZnHYZ0DAAFJAARzaXpleHAAAAAAdwQAAAAAeA==
2ce7561d-3ec9-466b-a9fb-c6713d3c3445,Bachants,Euripides,rO0ABXNyABNqYXZhLnV0aWwuQXJyYXlMaXN0eIHSHZnHYZ0DAAFJAARzaXpleHAAAAAAdwQAAAAAeA==,rO0ABXNyABNqYXZhLnV0aWwuQXJyYXlMaXN0eIHSHZnHYZ0DAAFJAARzaXpleHAAAAAAdwQAAAAAeA==
1fd119a0-47af-4ba4-9f9b-b4e2d82ef94b,Electra,Euripides,rO0ABXNyABNqYXZhLnV0aWwuQXJyYXlMaXN0eIHSHZnHYZ0DAAFJAARzaXpleHAAAAAAdwQAAAAAeA==,rO0ABXNyABNqYXZhLnV0aWwuQXJyYXlMaXN0eIHSHZnHYZ0DAAFJAARzaXpleHAAAAAAdwQAAAAAeA==
3a346d30-45eb-4d20-9724-a866d2728823,The Phornician Women,Euripides,rO0ABXNyABNqYXZhLnV0aWwuQXJyYXlMaXN0eIHSHZnHYZ0DAAFJAARzaXpleHAAAAAAdwQAAAAAeA==,rO0ABXNyABNqYXZhLnV0aWwuQXJyYXlMaXN0eIHSHZnHYZ0DAAFJAARzaXpleHAAAAAAdwQAAAAAeA==
8889b3b8-ed7f-4b2e-91ba-845ca4b8c42a,The Peloponesian War,Thucydides,rO0ABXNyABNqYXZhLnV0aWwuQXJyYXlMaXN0eIHSHZnHYZ0DAAFJAARzaXpleHAAAAAAdwQAAAAAeA==,rO0ABXNyABNqYXZhLnV0aWwuQXJyYXlMaXN0eIHSHZnHYZ0DAAFJAARzaXpleHAAAAAAdwQAAAAAeA==
66b33ed7-2a0b-47fe-accd-fc119ce7899f,Dialogues,Plato,rO0ABXNyABNqYXZhLnV0aWwuQXJyYXlMaXN0eIHSHZnHYZ0DAAFJAARzaXpleHAAAAAAdwQAAAAAeA==,rO0ABXNyABNqYXZhLnV0aWwuQXJyYXlMaXN0eIHSHZnHYZ0DAAFJAARzaXpleHAAAAAAdwQAAAAAeA==
0eccef45-0971-4de1-bfa7-04dff0a8e1ef,Poetics,Aristotle,rO0ABXNyABNqYXZhLnV0aWwuQXJyYXlMaXN0eIHSHZnHYZ0DAAFJAARzaXpleHAAAAAAdwQAAAAAeA==,rO0ABXNyABNqYXZhLnV0aWwuQXJyYXlMaXN0eIHSHZnHYZ0DAAFJAARzaXpleHAAAAAAdwQAAAAAeA==
25452680-82ac-4d91-b43d-e4d2fbd873ef,Physics,Aristotle,rO0ABXNyABNqYXZhLnV0aWwuQXJyYXlMaXN0eIHSHZnHYZ0DAAFJAARzaXpleHAAAAAAdwQAAAAAeA==,rO0ABXNyABNqYXZhLnV0aWwuQXJyYXlMaXN0eIHSHZnHYZ0DAAFJAARzaXpleHAAAAAAdwQAAAAAeA==
49a0b0a1-01ec-450d-a38f-3d5eca895326,Ethics,Aristotle,rO0ABXNyABNqYXZhLnV0aWwuQXJyYXlMaXN0eIHSHZnHYZ0DAAFJAARzaXpleHAAAAAAdwQAAAAAeA==,rO0ABXNyABNqYXZhLnV0aWwuQXJyYXlMaXN0eIHSHZnHYZ0DAAFJAARzaXpleHAAAAAAdwQAAAAAeA==
a474749f-8dd9-426d-a266-8543b64f48f7,De Anima,Aristotle,rO0ABXNyABNqYXZhLnV0aWwuQXJyYXlMaXN0eIHSHZnHYZ0DAAFJAARzaXpleHAAAAAAdwQAAAAAeA==,rO0ABXNyABNqYXZhLnV0aWwuQXJyYXlMaXN0eIHSHZnHYZ0DAAFJAARzaXpleHAAAAAAdwQAAAAAeA==
4587de57-c7e7-4983-9fd5-524d626cd76c,Greek Anthology,Unknown,rO0ABXNyABNqYXZhLnV0aWwuQXJyYXlMaXN0eIHSHZnHYZ0DAAFJAARzaXpleHAAAAAAdwQAAAAAeA==,rO0ABXNyABNqYXZhLnV0aWwuQXJyYXlMaXN0eIHSHZnHYZ0DAAFJAARzaXpleHAAAAAAdwQAAAAAeA==
1c9c878f-110c-4686-ba77-aad824152afd,On The Nature of Things,Lucretius,rO0ABXNyABNqYXZhLnV0aWwuQXJyYXlMaXN0eIHSHZnHYZ0DAAFJAARzaXpleHAAAAAAdwQAAAAAeA==,rO0ABXNyABNqYXZhLnV0aWwuQXJyYXlMaXN0eIHSHZnHYZ0DAAFJAARzaXpleHAAAAAAdwQAAAAAeA==
2c2bea67-c2c1-4951-aef6-bed2813c2b8e,Parallel Lives,Plutarch,rO0ABXNyABNqYXZhLnV0aWwuQXJyYXlMaXN0eIHSHZnHYZ0DAAFJAARzaXpleHAAAAAAdwQAAAAAeA==,rO0ABXNyABNqYXZhLnV0aWwuQXJyYXlMaXN0eIHSHZnHYZ0DAAFJAARzaXpleHAAAAAAdwQAAAAAeA==
f297d373-2b2f-436c-8dc1-7b5b1c04183e,Aeneid,Virgil,rO0ABXNyABNqYXZhLnV0aWwuQXJyYXlMaXN0eIHSHZnHYZ0DAAFJAARzaXpleHAAAAAAdwQAAAAAeA==,rO0ABXNyABNqYXZhLnV0aWwuQXJyYXlMaXN0eIHSHZnHYZ0DAAFJAARzaXpleHAAAAAAdwQAAAAAeA==
1a79d181-de42-43d3-b73c-c6153611fbe2,Bucolics,Virgil,rO0ABXNyABNqYXZhLnV0aWwuQXJyYXlMaXN0eIHSHZnHYZ0DAAFJAARzaXpleHAAAAAAdwQAAAAAeA==,rO0ABXNyABNqYXZhLnV0aWwuQXJyYXlMaXN0eIHSHZnHYZ0DAAFJAARzaXpleHAAAAAAdwQAAAAAeA==
884b24e9-8ecd-417f-8537-57e9e48743f3,Georgics,Virgil,rO0ABXNyABNqYXZhLnV0aWwuQXJyYXlMaXN0eIHSHZnHYZ0DAAFJAARzaXpleHAAAAAAdwQAAAAAeA==,rO0ABXNyABNqYXZhLnV0aWwuQXJyYXlMaXN0eIHSHZnHYZ0DAAFJAARzaXpleHAAAAAAdwQAAAAAeA==
e19fbba7-b5d1-4a1c-a546-2dabcc92afd3,Annals,Tacitus,rO0ABXNyABNqYXZhLnV0aWwuQXJyYXlMaXN0eIHSHZnHYZ0DAAFJAARzaXpleHAAAAAAdwQAAAAAeA==,rO0ABXNyABNqYXZhLnV0aWwuQXJyYXlMaXN0eIHSHZnHYZ0DAAFJAARzaXpleHAAAAAAdwQAAAAAeA==
a7916e22-cab8-4806-806a-0a988e7929f2,Metamorphoses,Ovid,rO0ABXNyABNqYXZhLnV0aWwuQXJyYXlMaXN0eIHSHZnHYZ0DAAFJAARzaXpleHAAAAAAdwQAAAAAeA==,rO0ABXNyABNqYXZhLnV0aWwuQXJyYXlMaXN0eIHSHZnHYZ0DAAFJAARzaXpleHAAAAAAdwQAAAAAeA==
009ce823-8efb-497e-bc92-95dd0578b981,Heroides,Ovid,rO0ABXNyABNqYXZhLnV0aWwuQXJyYXlMaXN0eIHSHZnHYZ0DAAFJAARzaXpleHAAAAAAdwQAAAAAeA==,rO0ABXNyABNqYXZhLnV0aWwuQXJyYXlMaXN0eIHSHZnHYZ0DAAFJAARzaXpleHAAAAAAdwQAAAAAeA==
faac43a7-6e27-4959-bbcc-78be02b2d41b,Amores,Ovid,rO0ABXNyABNqYXZhLnV0aWwuQXJyYXlMaXN0eIHSHZnHYZ0DAAFJAARzaXpleHAAAAAAdwQAAAAAeA==,rO0ABXNyABNqYXZhLnV0aWwuQXJyYXlMaXN0eIHSHZnHYZ0DAAFJAARzaXpleHAAAAAAdwQAAAAAeA==
593b6006-214e-408d-8fc7-4390461327eb,The New Testament,Unknown,rO0ABXNyABNqYXZhLnV0aWwuQXJyYXlMaXN0eIHSHZnHYZ0DAAFJAARzaXpleHAAAAAAdwQAAAAAeA==,rO0ABXNyABNqYXZhLnV0aWwuQXJyYXlMaXN0eIHSHZnHYZ0DAAFJAARzaXpleHAAAAAAdwQAAAAAeA==
c8ff47d3-2e0a-49e3-8824-86d44131da4b,The Twelve Caesars,Suetonius,rO0ABXNyABNqYXZhLnV0aWwuQXJyYXlMaXN0eIHSHZnHYZ0DAAFJAARzaXpleHAAAAAAdwQAAAAAeA==,rO0ABXNyABNqYXZhLnV0aWwuQXJyYXlMaXN0eIHSHZnHYZ0DAAFJAARzaXpleHAAAAAAdwQAAAAAeA==
c8563c76-f2a5-423f-b775-278769fd3d60,Meditations,Marcus Aurelius,rO0ABXNyABNqYXZhLnV0aWwuQXJyYXlMaXN0eIHSHZnHYZ0DAAFJAARzaXpleHAAAAAAdwQAAAAAeA==,rO0ABXNyABNqYXZhLnV0aWwuQXJyYXlMaXN0eIHSHZnHYZ0DAAFJAARzaXpleHAAAAAAdwQAAAAAeA==
f982b3c9-e16c-4667-8a5c-c54220bdfcb3,[Poems],Catullus,rO0ABXNyABNqYXZhLnV0aWwuQXJyYXlMaXN0eIHSHZnHYZ0DAAFJAARzaXpleHAAAAAAdwQAAAAAeA==,rO0ABXNyABNqYXZhLnV0aWwuQXJyYXlMaXN0eIHSHZnHYZ0DAAFJAARzaXpleHAAAAAAdwQAAAAAeA==
bbdd6f30-a25a-4787-9754-ea07b0f82420,[Poems],Horace,rO0ABXNyABNqYXZhLnV0aWwuQXJyYXlMaXN0eIHSHZnHYZ0DAAFJAARzaXpleHAAAAAAdwQAAAAAeA==,rO0ABXNyABNqYXZhLnV0aWwuQXJyYXlMaXN0eIHSHZnHYZ0DAAFJAARzaXpleHAAAAAAdwQAAAAAeA==
1242b2e4-5608-4ec6-8090-97b4bb7affc6,Discourses,Epictetus,rO0ABXNyABNqYXZhLnV0aWwuQXJyYXlMaXN0eIHSHZnHYZ0DAAFJAARzaXpleHAAAAAAdwQAAAAAeA==,rO0ABXNyABNqYXZhLnV0aWwuQXJyYXlMaXN0eIHSHZnHYZ0DAAFJAARzaXpleHAAAAAAdwQAAAAAeA==
d1aa8234-7f32-439e-80bb-fd8bb18934e2,[Plays],Aristophanes,rO0ABXNyABNqYXZhLnV0aWwuQXJyYXlMaXN0eIHSHZnHYZ0DAAFJAARzaXpleHAAAAAAdwQAAAAAeA==,rO0ABXNyABNqYXZhLnV0aWwuQXJyYXlMaXN0eIHSHZnHYZ0DAAFJAARzaXpleHAAAAAAdwQAAAAAeA==
93db6a26-df02-46b0-af03-2d7fa0293113,Historical Miscellany,Aelianus,rO0ABXNyABNqYXZhLnV0aWwuQXJyYXlMaXN0eIHSHZnHYZ0DAAFJAARzaXpleHAAAAAAdwQAAAAAeA==,rO0ABXNyABNqYXZhLnV0aWwuQXJyYXlMaXN0eIHSHZnHYZ0DAAFJAARzaXpleHAAAAAAdwQAAAAAeA==
8fd77e9b-81f7-46d6-a152-a29cf4518a74,On the Nature of Animals,Aelianus,rO0ABXNyABNqYXZhLnV0aWwuQXJyYXlMaXN0eIHSHZnHYZ0DAAFJAARzaXpleHAAAAAAdwQAAAAAeA==,rO0ABXNyABNqYXZhLnV0aWwuQXJyYXlMaXN0eIHSHZnHYZ0DAAFJAARzaXpleHAAAAAAdwQAAAAAeA==
6494a51d-1376-473f-a424-580efb89cffc,Argonautica,Apollonius Rhodius,rO0ABXNyABNqYXZhLnV0aWwuQXJyYXlMaXN0eIHSHZnHYZ0DAAFJAARzaXpleHAAAAAAdwQAAAAAeA==,rO0ABXNyABNqYXZhLnV0aWwuQXJyYXlMaXN0eIHSHZnHYZ0DAAFJAARzaXpleHAAAAAAdwQAAAAAeA==
33434428-fbde-493b-b612-b4683f516f04,Fourteen Byzantine Rulers,Michael Psellus,rO0ABXNyABNqYXZhLnV0aWwuQXJyYXlMaXN0eIHSHZnHYZ0DAAFJAARzaXpleHAAAAAAdwQAAAAAeA==,rO0ABXNyABNqYXZhLnV0aWwuQXJyYXlMaXN0eIHSHZnHYZ0DAAFJAARzaXpleHAAAAAAdwQAAAAAeA==
a78ab551-3b95-498c-be98-80063214dfd1,The Rise and Fall of the Roman Empire,Edward Gibbon,rO0ABXNyABNqYXZhLnV0aWwuQXJyYXlMaXN0eIHSHZnHYZ0DAAFJAARzaXpleHAAAAAAdwQAAAAAeA==,rO0ABXNyABNqYXZhLnV0aWwuQXJyYXlMaXN0eIHSHZnHYZ0DAAFJAARzaXpleHAAAAAAdwQAAAAAeA==
a32a436f-bebc-460d-9628-9db930022e12,The Enneads,Plotinus,rO0ABXNyABNqYXZhLnV0aWwuQXJyYXlMaXN0eIHSHZnHYZ0DAAFJAARzaXpleHAAAAAAdwQAAAAAeA==,rO0ABXNyABNqYXZhLnV0aWwuQXJyYXlMaXN0eIHSHZnHYZ0DAAFJAARzaXpleHAAAAAAdwQAAAAAeA==
359b2eae-02f8-4919-abec-78c0dc5f3079,Ecclesiastical History,Eusebius,rO0ABXNyABNqYXZhLnV0aWwuQXJyYXlMaXN0eIHSHZnHYZ0DAAFJAARzaXpleHAAAAAAdwQAAAAAeA==,rO0ABXNyABNqYXZhLnV0aWwuQXJyYXlMaXN0eIHSHZnHYZ0DAAFJAARzaXpleHAAAAAAdwQAAAAAeA==
ccdd8dbd-3768-4978-bf0e-2f68465ee779,Consolations of Philosophy,Boethius,rO0ABXNyABNqYXZhLnV0aWwuQXJyYXlMaXN0eIHSHZnHYZ0DAAFJAARzaXpleHAAAAAAdwQAAAAAeA==,rO0ABXNyABNqYXZhLnV0aWwuQXJyYXlMaXN0eIHSHZnHYZ0DAAFJAARzaXpleHAAAAAAdwQAAAAAeA==
9d81752b-1edd-4219-b695-5ea49b7ab720,Letters,Pliny the Younger,rO0ABXNyABNqYXZhLnV0aWwuQXJyYXlMaXN0eIHSHZnHYZ0DAAFJAARzaXpleHAAAAAAdwQAAAAAeA==,rO0ABXNyABNqYXZhLnV0aWwuQXJyYXlMaXN0eIHSHZnHYZ0DAAFJAARzaXpleHAAAAAAdwQAAAAAeA==
280305aa-2e59-4f82-a039-cd0dc96c245d,Byzantine verse romances,Unknown,rO0ABXNyABNqYXZhLnV0aWwuQXJyYXlMaXN0eIHSHZnHYZ0DAAFJAARzaXpleHAAAAAAdwQAAAAAeA==,rO0ABXNyABNqYXZhLnV0aWwuQXJyYXlMaXN0eIHSHZnHYZ0DAAFJAARzaXpleHAAAAAAdwQAAAAAeA==
f18ee85c-dbc5-4833-9058-171638319761,Fragments,Heraclitus,rO0ABXNyABNqYXZhLnV0aWwuQXJyYXlMaXN0eIHSHZnHYZ0DAAFJAARzaXpleHAAAAAAdwQAAAAAeA==,rO0ABXNyABNqYXZhLnV0aWwuQXJyYXlMaXN0eIHSHZnHYZ0DAAFJAARzaXpleHAAAAAAdwQAAAAAeA==
1ddc89c0-800e-4b57-be86-a286eb38fc60,Confessions,St. Augustine,rO0ABXNyABNqYXZhLnV0aWwuQXJyYXlMaXN0eIHSHZnHYZ0DAAFJAARzaXpleHAAAAAAdwQAAAAAeA==,rO0ABXNyABNqYXZhLnV0aWwuQXJyYXlMaXN0eIHSHZnHYZ0DAAFJAARzaXpleHAAAAAAdwQAAAAAeA==
941a009f-3ad2-4f37-b3ac-eae30fedb979,Summa Theologica,Thomas Aquinas,rO0ABXNyABNqYXZhLnV0aWwuQXJyYXlMaXN0eIHSHZnHYZ0DAAFJAARzaXpleHAAAAAAdwQAAAAAeA==,rO0ABXNyABNqYXZhLnV0aWwuQXJyYXlMaXN0eIHSHZnHYZ0DAAFJAARzaXpleHAAAAAAdwQAAAAAeA==
ed715d61-4ded-4c3b-8e21-aa3320dd3d12,The Little Flowers,St. Francis of Assisi,rO0ABXNyABNqYXZhLnV0aWwuQXJyYXlMaXN0eIHSHZnHYZ0DAAFJAARzaXpleHAAAAAAdwQAAAAAeA==,rO0ABXNyABNqYXZhLnV0aWwuQXJyYXlMaXN0eIHSHZnHYZ0DAAFJAARzaXpleHAAAAAAdwQAAAAAeA==
0390a004-b8bd-46f0-bd89-b077c166a10d,The Prince,Niccolò Machiavelli,rO0ABXNyABNqYXZhLnV0aWwuQXJyYXlMaXN0eIHSHZnHYZ0DAAFJAARzaXpleHAAAAAAdwQAAAAAeA==,rO0ABXNyABNqYXZhLnV0aWwuQXJyYXlMaXN0eIHSHZnHYZ0DAAFJAARzaXpleHAAAAAAdwQAAAAAeA==
688e5515-86b8-4cb2-820f-5dc760091cab,Divide Comedy,Dante Aighieri,rO0ABXNyABNqYXZhLnV0aWwuQXJyYXlMaXN0eIHSHZnHYZ0DAAFJAARzaXpleHAAAAAAdwQAAAAAeA==,rO0ABXNyABNqYXZhLnV0aWwuQXJyYXlMaXN0eIHSHZnHYZ0DAAFJAARzaXpleHAAAAAAdwQAAAAAeA==
f7ee2a8d-e1b0-4f91-8049-e37b15cc080f,Novelle,Franco Sacchetti,rO0ABXNyABNqYXZhLnV0aWwuQXJyYXlMaXN0eIHSHZnHYZ0DAAFJAARzaXpleHAAAAAAdwQAAAAAeA==,rO0ABXNyABNqYXZhLnV0aWwuQXJyYXlMaXN0eIHSHZnHYZ0DAAFJAARzaXpleHAAAAAAdwQAAAAAeA==
47deb41c-9b98-4057-86aa-a133043555f8,Icelandic sagas,Unknown,rO0ABXNyABNqYXZhLnV0aWwuQXJyYXlMaXN0eIHSHZnHYZ0DAAFJAARzaXpleHAAAAAAdwQAAAAAeA==,rO0ABXNyABNqYXZhLnV0aWwuQXJyYXlMaXN0eIHSHZnHYZ0DAAFJAARzaXpleHAAAAAAdwQAAAAAeA==
626615b3-aeff-49d1-9868-8aba83be7bf4,Anthony and Cleopatra,William Shakespeare,rO0ABXNyABNqYXZhLnV0aWwuQXJyYXlMaXN0eIHSHZnHYZ0DAAFJAARzaXpleHAAAAAAdwQAAAAAeA==,rO0ABXNyABNqYXZhLnV0aWwuQXJyYXlMaXN0eIHSHZnHYZ0DAAFJAARzaXpleHAAAAAAdwQAAAAAeA==
7489acbb-72ba-44d5-8f82-7b305662ba88,Hamlet,William Shakespeare,rO0ABXNyABNqYXZhLnV0aWwuQXJyYXlMaXN0eIHSHZnHYZ0DAAFJAARzaXpleHAAAAAAdwQAAAAAeA==,rO0ABXNyABNqYXZhLnV0aWwuQXJyYXlMaXN0eIHSHZnHYZ0DAAFJAARzaXpleHAAAAAAdwQAAAAAeA==
8144370d-8180-4f04-8808-254d823b9ff3,Macbeth,William Shakespeare,rO0ABXNyABNqYXZhLnV0aWwuQXJyYXlMaXN0eIHSHZnHYZ0DAAFJAARzaXpleHAAAAAAdwQAAAAAeA==,rO0ABXNyABNqYXZhLnV0aWwuQXJyYXlMaXN0eIHSHZnHYZ0DAAFJAARzaXpleHAAAAAAdwQAAAAAeA==
aa1ba6b2-dbe3-41ba-96a2-ae70ab456c58,Henry V,William Shakespeare,rO0ABXNyABNqYXZhLnV0aWwuQXJyYXlMaXN0eIHSHZnHYZ0DAAFJAARzaXpleHAAAAAAdwQAAAAAeA==,rO0ABXNyABNqYXZhLnV0aWwuQXJyYXlMaXN0eIHSHZnHYZ0DAAFJAARzaXpleHAAAAAAdwQAAAAAeA==
0e9a1098-3458-47be-8b2f-a588cff6eafc,Unknown,François Rabelais,rO0ABXNyABNqYXZhLnV0aWwuQXJyYXlMaXN0eIHSHZnHYZ0DAAFJAARzaXpleHAAAAAAdwQAAAAAeA==,rO0ABXNyABNqYXZhLnV0aWwuQXJyYXlMaXN0eIHSHZnHYZ0DAAFJAARzaXpleHAAAAAAdwQAAAAAeA==
4d2651e0-a48c-4840-9990-aa2a100dacaf,Unknown,Francis Bacon,rO0ABXNyABNqYXZhLnV0aWwuQXJyYXlMaXN0eIHSHZnHYZ0DAAFJAARzaXpleHAAAAAAdwQAAAAAeA==,rO0ABXNyABNqYXZhLnV0aWwuQXJyYXlMaXN0eIHSHZnHYZ0DAAFJAARzaXpleHAAAAAAdwQAAAAAeA==
e9d10e96-b844-45d8-9d76-306509737647,[Selected Works],Martin Luther,rO0ABXNyABNqYXZhLnV0aWwuQXJyYXlMaXN0eIHSHZnHYZ0DAAFJAARzaXpleHAAAAAAdwQAAAAAeA==,rO0ABXNyABNqYXZhLnV0aWwuQXJyYXlMaXN0eIHSHZnHYZ0DAAFJAARzaXpleHAAAAAAdwQAAAAAeA==
1d87150d-7c03-4fef-9bed-f8750839f734,Institutes of the Christian Religion,John Calvin,rO0ABXNyABNqYXZhLnV0aWwuQXJyYXlMaXN0eIHSHZnHYZ0DAAFJAARzaXpleHAAAAAAdwQAAAAAeA==,rO0ABXNyABNqYXZhLnV0aWwuQXJyYXlMaXN0eIHSHZnHYZ0DAAFJAARzaXpleHAAAAAAdwQAAAAAeA==
503aa0ec-c2c5-4098-ac0b-e882eaee620a,Essays,Michel de Montaigne,rO0ABXNyABNqYXZhLnV0aWwuQXJyYXlMaXN0eIHSHZnHYZ0DAAFJAARzaXpleHAAAAAAdwQAAAAAeA==,rO0ABXNyABNqYXZhLnV0aWwuQXJyYXlMaXN0eIHSHZnHYZ0DAAFJAARzaXpleHAAAAAAdwQAAAAAeA==
b86f8f6b-ca1f-46ec-b8b5-4735fecb1179,Don Quixote,Miguel de Cervantes,rO0ABXNyABNqYXZhLnV0aWwuQXJyYXlMaXN0eIHSHZnHYZ0DAAFJAARzaXpleHAAAAAAdwQAAAAAeA==,rO0ABXNyABNqYXZhLnV0aWwuQXJyYXlMaXN0eIHSHZnHYZ0DAAFJAARzaXpleHAAAAAAdwQAAAAAeA==
fa039333-e02f-431c-8422-a0197ee511cc,Discourses,René Descartes,rO0ABXNyABNqYXZhLnV0aWwuQXJyYXlMaXN0eIHSHZnHYZ0DAAFJAARzaXpleHAAAAAAdwQAAAAAeA==,rO0ABXNyABNqYXZhLnV0aWwuQXJyYXlMaXN0eIHSHZnHYZ0DAAFJAARzaXpleHAAAAAAdwQAAAAAeA==
8f1f7a4f-81ee-443c-8ff2-7f0a1da32434,Song of Roland,Unknown,rO0ABXNyABNqYXZhLnV0aWwuQXJyYXlMaXN0eIHSHZnHYZ0DAAFJAARzaXpleHAAAAAAdwQAAAAAeA==,rO0ABXNyABNqYXZhLnV0aWwuQXJyYXlMaXN0eIHSHZnHYZ0DAAFJAARzaXpleHAAAAAAdwQAAAAAeA==
78dd1f25-a119-470a-89a6-ba105661c670,Beowulf,Unknown,rO0ABXNyABNqYXZhLnV0aWwuQXJyYXlMaXN0eIHSHZnHYZ0DAAFJAARzaXpleHAAAAAAdwQAAAAAeA==,rO0ABXNyABNqYXZhLnV0aWwuQXJyYXlMaXN0eIHSHZnHYZ0DAAFJAARzaXpleHAAAAAAdwQAAAAAeA==
c3e73f01-8505-427b-baca-59be5c0ff64f,Unknown,Benvenuto Cellini,rO0ABXNyABNqYXZhLnV0aWwuQXJyYXlMaXN0eIHSHZnHYZ0DAAFJAARzaXpleHAAAAAAdwQAAAAAeA==,rO0ABXNyABNqYXZhLnV0aWwuQXJyYXlMaXN0eIHSHZnHYZ0DAAFJAARzaXpleHAAAAAAdwQAAAAAeA==
9e838963-6df8-4b94-b4a2-59731a9afd41,Education of Henry Adams,Henry Adams,rO0ABXNyABNqYXZhLnV0aWwuQXJyYXlMaXN0eIHSHZnHYZ0DAAFJAARzaXpleHAAAAAAdwQAAAAAeA==,rO0ABXNyABNqYXZhLnV0aWwuQXJyYXlMaXN0eIHSHZnHYZ0DAAFJAARzaXpleHAAAAAAdwQAAAAAeA==
44e02662-3ecf-4097-b513-89e896778645,The Leviathan,Thomas Hobbes,rO0ABXNyABNqYXZhLnV0aWwuQXJyYXlMaXN0eIHSHZnHYZ0DAAFJAARzaXpleHAAAAAAdwQAAAAAeA==,rO0ABXNyABNqYXZhLnV0aWwuQXJyYXlMaXN0eIHSHZnHYZ0DAAFJAARzaXpleHAAAAAAdwQAAAAAeA==
33bc409d-57af-4d19-ab35-e79ec8d8821f,Thoughts,Blaise Pascal,rO0ABXNyABNqYXZhLnV0aWwuQXJyYXlMaXN0eIHSHZnHYZ0DAAFJAARzaXpleHAAAAAAdwQAAAAAeA==,rO0ABXNyABNqYXZhLnV0aWwuQXJyYXlMaXN0eIHSHZnHYZ0DAAFJAARzaXpleHAAAAAAdwQAAAAAeA==
f7b8fbe5-70b4-433c-86b9-f615d388e90b,Paradise Lost,John Milton,rO0ABXNyABNqYXZhLnV0aWwuQXJyYXlMaXN0eIHSHZnHYZ0DAAFJAARzaXpleHAAAAAAdwQAAAAAeA==,rO0ABXNyABNqYXZhLnV0aWwuQXJyYXlMaXN0eIHSHZnHYZ0DAAFJAARzaXpleHAAAAAAdwQAAAAAeA==
2ae84684-b0e1-4629-be9c-f7768387dd6c,Unknown,John Donne,rO0ABXNyABNqYXZhLnV0aWwuQXJyYXlMaXN0eIHSHZnHYZ0DAAFJAARzaXpleHAAAAAAdwQAAAAAeA==,rO0ABXNyABNqYXZhLnV0aWwuQXJyYXlMaXN0eIHSHZnHYZ0DAAFJAARzaXpleHAAAAAAdwQAAAAAeA==
f8d781aa-b998-4b91-ac4d-e11e502198a7,Unknown,Andrew Marvell,rO0ABXNyABNqYXZhLnV0aWwuQXJyYXlMaXN0eIHSHZnHYZ0DAAFJAARzaXpleHAAAAAAdwQAAAAAeA==,rO0ABXNyABNqYXZhLnV0aWwuQXJyYXlMaXN0eIHSHZnHYZ0DAAFJAARzaXpleHAAAAAAdwQAAAAAeA==
7fa59c5d-b176-4619-8610-9daa2f3b40c2,Unknown,George Herbert,rO0ABXNyABNqYXZhLnV0aWwuQXJyYXlMaXN0eIHSHZnHYZ0DAAFJAARzaXpleHAAAAAAdwQAAAAAeA==,rO0ABXNyABNqYXZhLnV0aWwuQXJyYXlMaXN0eIHSHZnHYZ0DAAFJAARzaXpleHAAAAAAdwQAAAAAeA==
e1fd5273-a196-4814-b866-acec912efdc7,Unknown,Richard Crashaw,rO0ABXNyABNqYXZhLnV0aWwuQXJyYXlMaXN0eIHSHZnHYZ0DAAFJAARzaXpleHAAAAAAdwQAAAAAeA==,rO0ABXNyABNqYXZhLnV0aWwuQXJyYXlMaXN0eIHSHZnHYZ0DAAFJAARzaXpleHAAAAAAdwQAAAAAeA==
820c456b-8f1d-4611-a0e5-da7c6bb189ae,Treatises,Baruch Spinoza,rO0ABXNyABNqYXZhLnV0aWwuQXJyYXlMaXN0eIHSHZnHYZ0DAAFJAARzaXpleHAAAAAAdwQAAAAAeA==,rO0ABXNyABNqYXZhLnV0aWwuQXJyYXlMaXN0eIHSHZnHYZ0DAAFJAARzaXpleHAAAAAAdwQAAAAAeA==
d96b91ce-b558-4b59-8c17-ee6dab23fcef,Charterhouse of Parma,Stendhal,rO0ABXNyABNqYXZhLnV0aWwuQXJyYXlMaXN0eIHSHZnHYZ0DAAFJAARzaXpleHAAAAAAdwQAAAAAeA==,rO0ABXNyABNqYXZhLnV0aWwuQXJyYXlMaXN0eIHSHZnHYZ0DAAFJAARzaXpleHAAAAAAdwQAAAAAeA==
beae6905-b4b7-49fd-bfe5-5c7a6f5a3ddb,The Red and the Black,Stendhal,rO0ABXNyABNqYXZhLnV0aWwuQXJyYXlMaXN0eIHSHZnHYZ0DAAFJAARzaXpleHAAAAAAdwQAAAAAeA==,rO0ABXNyABNqYXZhLnV0aWwuQXJyYXlMaXN0eIHSHZnHYZ0DAAFJAARzaXpleHAAAAAAdwQAAAAAeA==
34a9b418-348c-43a4-8130-d201bf96899f,The Life of Henry Brulard,Stendhal,rO0ABXNyABNqYXZhLnV0aWwuQXJyYXlMaXN0eIHSHZnHYZ0DAAFJAARzaXpleHAAAAAAdwQAAAAAeA==,rO0ABXNyABNqYXZhLnV0aWwuQXJyYXlMaXN0eIHSHZnHYZ0DAAFJAARzaXpleHAAAAAAdwQAAAAAeA==
58f530d3-8287-4374-bd57-28689791948a,Gulliver’s Travels,Jonathan Swift,rO0ABXNyABNqYXZhLnV0aWwuQXJyYXlMaXN0eIHSHZnHYZ0DAAFJAARzaXpleHAAAAAAdwQAAAAAeA==,rO0ABXNyABNqYXZhLnV0aWwuQXJyYXlMaXN0eIHSHZnHYZ0DAAFJAARzaXpleHAAAAAAdwQAAAAAeA==
56331726-56f5-4204-9647-56771bdaa44a,Tristram Shandy,Laurence Sterne,rO0ABXNyABNqYXZhLnV0aWwuQXJyYXlMaXN0eIHSHZnHYZ0DAAFJAARzaXpleHAAAAAAdwQAAAAAeA==,rO0ABXNyABNqYXZhLnV0aWwuQXJyYXlMaXN0eIHSHZnHYZ0DAAFJAARzaXpleHAAAAAAdwQAAAAAeA==
6bcdf82b-14c6-4dfa-a234-c251b19daee3,Dangerous Liasons,Choderlos de Laclos,rO0ABXNyABNqYXZhLnV0aWwuQXJyYXlMaXN0eIHSHZnHYZ0DAAFJAARzaXpleHAAAAAAdwQAAAAAeA==,rO0ABXNyABNqYXZhLnV0aWwuQXJyYXlMaXN0eIHSHZnHYZ0DAAFJAARzaXpleHAAAAAAdwQAAAAAeA==
ed579571-15eb-4cda-93b0-976f8b0c41a3,Persian Letters,Baron de Montesquieu,rO0ABXNyABNqYXZhLnV0aWwuQXJyYXlMaXN0eIHSHZnHYZ0DAAFJAARzaXpleHAAAAAAdwQAAAAAeA==,rO0ABXNyABNqYXZhLnV0aWwuQXJyYXlMaXN0eIHSHZnHYZ0DAAFJAARzaXpleHAAAAAAdwQAAAAAeA==
6696ce25-6c86-47ff-bda7-fa02ba044ea6,Second Treatise on Government,John Locke,rO0ABXNyABNqYXZhLnV0aWwuQXJyYXlMaXN0eIHSHZnHYZ0DAAFJAARzaXpleHAAAAAAdwQAAAAAeA==,rO0ABXNyABNqYXZhLnV0aWwuQXJyYXlMaXN0eIHSHZnHYZ0DAAFJAARzaXpleHAAAAAAdwQAAAAAeA==
3ffdcc06-1e43-4d29-87c0-bb9a41351c5c,The Wealth of Nations,Adam Smith,rO0ABXNyABNqYXZhLnV0aWwuQXJyYXlMaXN0eIHSHZnHYZ0DAAFJAARzaXpleHAAAAAAdwQAAAAAeA==,rO0ABXNyABNqYXZhLnV0aWwuQXJyYXlMaXN0eIHSHZnHYZ0DAAFJAARzaXpleHAAAAAAdwQAAAAAeA==
a3df9890-6496-434d-b43a-89f19fa519ec,Discourse on Metaphysics,Gottfried Leibniz,rO0ABXNyABNqYXZhLnV0aWwuQXJyYXlMaXN0eIHSHZnHYZ0DAAFJAARzaXpleHAAAAAAdwQAAAAAeA==,rO0ABXNyABNqYXZhLnV0aWwuQXJyYXlMaXN0eIHSHZnHYZ0DAAFJAARzaXpleHAAAAAAdwQAAAAAeA==
f0791129-78e2-45b1-bf75-94f7bacf7265,Everything,David Hume,rO0ABXNyABNqYXZhLnV0aWwuQXJyYXlMaXN0eIHSHZnHYZ0DAAFJAARzaXpleHAAAAAAdwQAAAAAeA==,rO0ABXNyABNqYXZhLnV0aWwuQXJyYXlMaXN0eIHSHZnHYZ0DAAFJAARzaXpleHAAAAAAdwQAAAAAeA==
7612cb8e-09e8-4fdc-a108-f23418de9d03,The Federalist Papers,Unknown,rO0ABXNyABNqYXZhLnV0aWwuQXJyYXlMaXN0eIHSHZnHYZ0DAAFJAARzaXpleHAAAAAAdwQAAAAAeA==,rO0ABXNyABNqYXZhLnV0aWwuQXJyYXlMaXN0eIHSHZnHYZ0DAAFJAARzaXpleHAAAAAAdwQAAAAAeA==
15273d81-ef55-4e5a-a648-03f56f706534,Critique of Pure Reason,Immanuel Kant,rO0ABXNyABNqYXZhLnV0aWwuQXJyYXlMaXN0eIHSHZnHYZ0DAAFJAARzaXpleHAAAAAAdwQAAAAAeA==,rO0ABXNyABNqYXZhLnV0aWwuQXJyYXlMaXN0eIHSHZnHYZ0DAAFJAARzaXpleHAAAAAAdwQAAAAAeA==
cb44854d-2cae-4e2a-9def-9cfaa056a7c1,Fear and Trembling,Søren Kierkegaard,rO0ABXNyABNqYXZhLnV0aWwuQXJyYXlMaXN0eIHSHZnHYZ0DAAFJAARzaXpleHAAAAAAdwQAAAAAeA==,rO0ABXNyABNqYXZhLnV0aWwuQXJyYXlMaXN0eIHSHZnHYZ0DAAFJAARzaXpleHAAAAAAdwQAAAAAeA==
ec4c6775-e7c1-4e88-925b-8a3efa9bc555,Either/Or,Søren Kierkegaard,rO0ABXNyABNqYXZhLnV0aWwuQXJyYXlMaXN0eIHSHZnHYZ0DAAFJAARzaXpleHAAAAAAdwQAAAAAeA==,rO0ABXNyABNqYXZhLnV0aWwuQXJyYXlMaXN0eIHSHZnHYZ0DAAFJAARzaXpleHAAAAAAdwQAAAAAeA==
e5c6825b-4a1d-4790-b49a-9fe31ec1d69c,Philosophical Fragments,Søren Kierkegaard,rO0ABXNyABNqYXZhLnV0aWwuQXJyYXlMaXN0eIHSHZnHYZ0DAAFJAARzaXpleHAAAAAAdwQAAAAAeA==,rO0ABXNyABNqYXZhLnV0aWwuQXJyYXlMaXN0eIHSHZnHYZ0DAAFJAARzaXpleHAAAAAAdwQAAAAAeA==
81c77d81-c0e8-44c9-bff7-8c0fcc327dc4,Notes From the Underground,Fyodor Dostoevsky,rO0ABXNyABNqYXZhLnV0aWwuQXJyYXlMaXN0eIHSHZnHYZ0DAAFJAARzaXpleHAAAAAAdwQAAAAAeA==,rO0ABXNyABNqYXZhLnV0aWwuQXJyYXlMaXN0eIHSHZnHYZ0DAAFJAARzaXpleHAAAAAAdwQAAAAAeA==
464a05ed-a54a-47fc-b2ea-0d8ce29fa42c,The Possessed,Fyodor Dostoevsky,rO0ABXNyABNqYXZhLnV0aWwuQXJyYXlMaXN0eIHSHZnHYZ0DAAFJAARzaXpleHAAAAAAdwQAAAAAeA==,rO0ABXNyABNqYXZhLnV0aWwuQXJyYXlMaXN0eIHSHZnHYZ0DAAFJAARzaXpleHAAAAAAdwQAAAAAeA==
d3a79da5-af8b-4674-853c-1407fcd0d5a3,Democracy in America,Alexis de Tocqueville,rO0ABXNyABNqYXZhLnV0aWwuQXJyYXlMaXN0eIHSHZnHYZ0DAAFJAARzaXpleHAAAAAAdwQAAAAAeA==,rO0ABXNyABNqYXZhLnV0aWwuQXJyYXlMaXN0eIHSHZnHYZ0DAAFJAARzaXpleHAAAAAAdwQAAAAAeA==
8856ac1f-5ba0-4de7-a9e9-ad2c591bc5f2,Faust,Johann Wolfgang von Goethe,rO0ABXNyABNqYXZhLnV0aWwuQXJyYXlMaXN0eIHSHZnHYZ0DAAFJAARzaXpleHAAAAAAdwQAAAAAeA==,rO0ABXNyABNqYXZhLnV0aWwuQXJyYXlMaXN0eIHSHZnHYZ0DAAFJAARzaXpleHAAAAAAdwQAAAAAeA==
ee4dd736-cbc9-46b2-a86e-83dcd37b1894,Italian Journey,Johann Wolfgang von Goethe,rO0ABXNyABNqYXZhLnV0aWwuQXJyYXlMaXN0eIHSHZnHYZ0DAAFJAARzaXpleHAAAAAAdwQAAAAAeA==,rO0ABXNyABNqYXZhLnV0aWwuQXJyYXlMaXN0eIHSHZnHYZ0DAAFJAARzaXpleHAAAAAAdwQAAAAAeA==
a9030349-671f-4738-a541-ef5fa1620ee2,Empire of the Czar,Marquis de Custine",rO0ABXNyABNqYXZhLnV0aWwuQXJyYXlMaXN0eIHSHZnHYZ0DAAFJAARzaXpleHAAAAAAdwQAAAAAeA==,rO0ABXNyABNqYXZhLnV0aWwuQXJyYXlMaXN0eIHSHZnHYZ0DAAFJAARzaXpleHAAAAAAdwQAAAAAeA==
ee1f5a53-56df-4b43-b5bb-2e31bad27ca6,Astolphe-Louis-Léonor,Marquis de Custine",rO0ABXNyABNqYXZhLnV0aWwuQXJyYXlMaXN0eIHSHZnHYZ0DAAFJAARzaXpleHAAAAAAdwQAAAAAeA==,rO0ABXNyABNqYXZhLnV0aWwuQXJyYXlMaXN0eIHSHZnHYZ0DAAFJAARzaXpleHAAAAAAdwQAAAAAeA==
ec2501d5-9d28-4634-9341-64710efb680c,Mimesis,Eric Auerbach,rO0ABXNyABNqYXZhLnV0aWwuQXJyYXlMaXN0eIHSHZnHYZ0DAAFJAARzaXpleHAAAAAAdwQAAAAAeA==,rO0ABXNyABNqYXZhLnV0aWwuQXJyYXlMaXN0eIHSHZnHYZ0DAAFJAARzaXpleHAAAAAAdwQAAAAAeA==
3566889d-7ef6-4997-9cc8-5ba21ad0ada4,Conquest of Mexico,William H. Prescott,rO0ABXNyABNqYXZhLnV0aWwuQXJyYXlMaXN0eIHSHZnHYZ0DAAFJAARzaXpleHAAAAAAdwQAAAAAeA==,rO0ABXNyABNqYXZhLnV0aWwuQXJyYXlMaXN0eIHSHZnHYZ0DAAFJAARzaXpleHAAAAAAdwQAAAAAeA==
79095a90-3204-495b-a78a-9db6d175de66,Labyrinths of Solitude,Octavio Paz:,rO0ABXNyABNqYXZhLnV0aWwuQXJyYXlMaXN0eIHSHZnHYZ0DAAFJAARzaXpleHAAAAAAdwQAAAAAeA==,rO0ABXNyABNqYXZhLnV0aWwuQXJyYXlMaXN0eIHSHZnHYZ0DAAFJAARzaXpleHAAAAAAdwQAAAAAeA==
496c5c6c-7908-4b26-8a97-83d9f44586e7,The Logic of Scientific Discovery,Sir Karl Popper,rO0ABXNyABNqYXZhLnV0aWwuQXJyYXlMaXN0eIHSHZnHYZ0DAAFJAARzaXpleHAAAAAAdwQAAAAAeA==,rO0ABXNyABNqYXZhLnV0aWwuQXJyYXlMaXN0eIHSHZnHYZ0DAAFJAARzaXpleHAAAAAAdwQAAAAAeA==
bb35e2d1-651d-412c-a465-983c300d2d11,The Open Society and Its Enemies,Sir Karl Popper,rO0ABXNyABNqYXZhLnV0aWwuQXJyYXlMaXN0eIHSHZnHYZ0DAAFJAARzaXpleHAAAAAAdwQAAAAAeA==,rO0ABXNyABNqYXZhLnV0aWwuQXJyYXlMaXN0eIHSHZnHYZ0DAAFJAARzaXpleHAAAAAAdwQAAAAAeA==
24709b56-3a6d-4383-82a2-c9642b5ea6e6,Crowds and Power,Elias Canetti,rO0ABXNyABNqYXZhLnV0aWwuQXJyYXlMaXN0eIHSHZnHYZ0DAAFJAARzaXpleHAAAAAAdwQAAAAAeA==,rO0ABXNyABNqYXZhLnV0aWwuQXJyYXlMaXN0eIHSHZnHYZ0DAAFJAARzaXpleHAAAAAAdwQAAAAAeA==
